year,month,day,sales1,sales2,sales3,sales4,sales5,publicity_costs,costs
2021,8,2,37473,93414,83439,46321,39024,28143,27887
2021,8,3,59447,24373,97307,9992,87601,28155,67315
2021,8,4,82138,11777,47422,58365,42912,34840,39583
2021,8,5,40829,78767,39158,34453,97077,20348,49740
2021,8,6,22843,22275,80571,76667,15688,14009,52988
2021,8,7,71064,58503,17226,46862,99227,14532,83206
2021,8,8,86828,92686,520,68965,20814,14293,53681
2021,8,9,80077,15484,3264,20906,10602,42421,1710
2021,8,10,7679,12768,31449,30521,35043,12019,57187
2021,8,11,67082,92380,46526,54497,50882,13752,17711
2021,8,12,50109,78283,90916,36936,87321,41435,72252
2021,8,13,8134,72079,65933,88211,87562,19196,59116
2021,8,14,98163,11616,80825,22193,40736,12274,2713
2021,8,15,92130,40644,76252,75563,33023,22777,40060
2021,8,16,257,86528,47770,66717,81163,38685,30004
2021,8,17,68483,46471,42255,76616,34901,8187,11178
2021,8,18,22462,93734,90293,36976,5350,37470,79169
2021,8,19,62437,16095,28233,54566,56738,4484,10128
2021,8,20,6113,27261,76539,22721,30140,24308,9437
2021,8,21,11302,79344,9440,96136,42166,18046,89104
2021,8,22,77066,92585,70281,15879,86318,26926,2855
2021,8,23,8019,64395,12023,86807,80489,40255,81372
2021,8,24,53578,61091,87852,59690,88351,14390,2410
2021,8,25,34842,88698,71846,62496,84393,47637,58631
2021,8,26,26559,82035,47734,19976,74619,34367,65855
2021,8,27,77288,11292,88709,1659,92038,17083,8465
2021,8,28,72526,73689,29837,26103,34779,34040,2145
2021,8,29,39481,98429,84554,74323,3478,22752,66818
2021,8,30,87871,86740,11800,30781,68774,25886,20756
2021,8,31,59744,10252,2962,53384,37895,41670,5042
2021,9,1,29932,25104,43506,18809,15145,39694,31263
2021,9,2,49923,40085,63407,5756,38514,14313,20078
2021,9,3,41991,37064,33247,46213,40155,11398,46993
2021,9,4,8929,37283,44101,85024,63886,47062,18407
2021,9,5,18132,55084,9800,64415,80187,19658,3223
2021,9,6,95331,59351,44486,61606,99436,24244,27361
2021,9,7,54301,88556,63790,12643,41971,47036,28856
2021,9,8,82126,74785,35848,7406,12068,46300,22429
2021,9,9,92305,43362,47188,10437,98445,6987,64851
2021,9,10,94983,26644,74426,90314,2347,35263,8271
2021,9,11,18134,75858,35631,72434,64414,15772,5076
2021,9,12,22736,29159,60283,4861,3943,12483,68618
2021,9,13,32362,8782,37399,24667,52143,34586,71455
2021,9,14,50587,57924,42657,45570,84568,17082,22235
2021,9,15,3266,68696,36857,21399,44554,22487,184
2021,9,16,25319,4610,11611,48054,33768,21894,79267
2021,9,17,37710,84376,97884,70072,93157,1634,1090
2021,9,18,61652,36219,62544,28590,10495,5200,60511
2021,9,19,11414,38634,59097,14679,23681,45953,12429
2021,9,20,68234,68439,78964,93552,89400,40574,37958
2021,9,21,23167,62467,27224,60877,63194,41459,57300
2021,9,22,72703,93093,58389,34354,45663,37284,69295
2021,9,23,56157,58835,69806,67570,13820,28902,58600
2021,9,24,37501,24855,51028,5734,9645,29991,45638
2021,9,25,99045,36917,73595,22211,15735,818,89439
2021,9,26,78929,58628,63090,67983,51720,37830,28688
2021,9,27,13735,75113,97982,69891,50300,17787,13813
2021,9,28,64119,13041,68764,1619,54247,36144,83705
2021,9,29,63891,66134,39342,79287,19402,12936,67850
2021,9,30,35137,30105,17288,30417,88732,46730,44751
2021,9,31,56804,34559,33438,70538,9672,31419,46780
2021,10,1,59971,15558,26944,40441,44950,45708,48412
2021,10,2,99196,31851,82116,63086,14336,37809,8725
2021,10,3,33738,50744,76574,85226,97200,10213,11994
2021,10,4,85931,6942,46744,59086,41501,30181,89623
2021,10,5,51172,27951,2755,27494,59860,29698,84286
2021,10,6,4809,25405,42697,4004,57255,41164,73442
2021,10,7,71591,78972,42166,21680,29715,18739,86905
2021,10,8,43266,28951,55250,29197,35893,1993,84634
2021,10,9,93745,98525,34257,61268,26475,37011,78761
2021,10,10,2687,83060,89398,7495,8465,32095,57851
2021,10,11,82071,73258,11292,53661,68582,19809,61692
2021,10,12,98296,4899,14948,57914,50201,20197,83462
2021,10,13,2445,72189,8095,96189,70713,42351,17456
2021,10,14,13540,95713,62568,16226,78773,1966,10072
2021,10,15,3589,412,84274,85659,90021,45565,25672
2021,10,16,58602,81725,47363,73250,86623,12311,41163
2021,10,17,53176,32507,34624,55620,21048,42718,61809
2021,10,18,8112,1421,25616,21651,13485,38184,84228
2021,10,19,92257,56501,10652,12197,73264,44925,67856
2021,10,20,63284,6842,53527,21886,88566,17241,5135
2021,10,21,91541,79551,42649,61068,28410,27272,56687
2021,10,22,49457,36341,84847,57568,54113,10463,45571
2021,10,23,67598,14998,66150,76206,87850,26801,28403
2021,10,24,61113,71726,86258,24396,94919,6136,2633
2021,10,25,99836,73376,74119,91376,69279,16767,52443
2021,10,26,97688,10390,85482,63496,63083,20328,51063
2021,10,27,17195,97142,32985,84792,28491,49135,77350
2021,10,28,16340,75935,65752,77452,64012,18361,88200
2021,10,29,58930,24496,80832,58766,14223,4951,36493
2021,10,30,83501,88069,35288,81188,98459,20769,74683
2021,10,31,77893,7448,82098,95087,20942,31434,36231
2021,11,1,49432,30568,73580,65772,22855,39331,19575
2021,11,2,3218,24043,77774,62148,48538,8606,57265
2021,11,3,62760,29908,20109,62613,17976,5396,60152
2021,11,4,32786,92516,21187,10678,16316,3284,82117
2021,11,5,37257,51069,18347,86688,81637,8278,18811
2021,11,6,20843,63960,28386,24060,88002,6159,22559
2021,11,7,52891,81116,39823,32002,11023,9932,64614
2021,11,8,45351,31679,54766,78136,40547,25952,35166
2021,11,9,56862,95587,43634,10470,46655,28332,53509
2021,11,10,44643,86609,82320,65485,50568,10705,49545
2021,11,11,38569,33215,92103,7811,14331,48278,49812
2021,11,12,25353,24561,34426,70703,56239,5543,15191
2021,11,13,13137,81494,70356,86350,93432,30341,36819
2021,11,14,40086,8672,26680,1081,95280,8999,66565
2021,11,15,62199,36055,72461,17119,69269,14564,34929
2021,11,16,99951,12841,64740,25304,37401,49165,22358
2021,11,17,9991,4707,77548,39480,2552,14255,65829
2021,11,18,95983,94595,39000,52421,3266,32031,3501
2021,11,19,98545,91029,20065,77095,43435,42526,24213
2021,11,20,29055,73441,19141,29006,2633,33881,74309
2021,11,21,56385,99397,83018,82727,20456,10566,12206
2021,11,22,23007,41172,64387,35342,35767,19738,37762
2021,11,23,39032,1768,57614,53929,9148,44030,41023
2021,11,24,52582,2907,25236,81636,76347,10728,60641
2021,11,25,78979,44608,81301,51715,44005,30671,64442
2021,11,26,80812,41236,56647,20170,82407,37385,65511
2021,11,27,34525,57122,59624,89909,58889,33589,3837
2021,11,28,68036,27619,91211,36969,30525,32798,4957
2021,11,29,23224,93526,61949,2202,54485,43250,63917
2021,11,30,14841,23920,4710,95652,81507,27708,35822
2021,11,31,80265,15093,87684,14790,72214,47308,84698
2021,12,1,47455,80896,64886,31842,24866,22448,65163
2021,12,2,55391,21598,20119,78614,31475,32067,27167
2021,12,3,85959,41668,67435,17152,81939,22144,72803
2021,12,4,63445,49852,44976,60062,81296,32660,11203
2021,12,5,69861,96319,95900,33667,93566,27137,55509
2021,12,6,18432,65936,50671,73822,3885,20789,18787
2021,12,7,35359,69207,82305,37670,10875,49740,14821
2021,12,8,92813,38235,67623,56258,4438,28951,42671
2021,12,9,85733,61610,23873,55594,57928,36124,39260
2021,12,10,51493,29612,71120,69924,95547,38142,80097
2021,12,11,15784,25282,45235,51142,94489,27540,55163
2021,12,12,5363,93631,59983,98175,31865,43958,20784
2021,12,13,36303,72908,3454,22035,34517,43678,43980
2021,12,14,8796,79801,83240,60288,9412,20711,56564
2021,12,15,21311,8853,23012,37094,34134,18247,64587
2021,12,16,44974,12138,9750,50336,5768,36084,54863
2021,12,17,37632,30041,51998,90286,19300,5452,2321
2021,12,18,53816,15481,22652,78963,95282,22243,69251
2021,12,19,21045,92954,2166,42355,18158,25177,75800
2021,12,20,68643,9775,387,13617,21912,26488,10304
2021,12,21,44031,12571,45166,81663,58964,47164,51948
2021,12,22,78263,68967,620,48431,84447,23272,57393
2021,12,23,96080,45514,82995,17125,54819,35160,45831
2021,12,24,72976,26689,71631,41619,52815,38369,71587
2021,12,25,91079,14856,51890,35109,43778,13408,63123
2021,12,26,2741,10571,21423,81004,95889,22042,39434
2021,12,27,96687,61665,56826,92767,23531,6173,69891
2021,12,28,78349,41332,85721,67677,84372,23703,85647
2021,12,29,37187,62071,97233,28265,93278,15474,49725
2021,12,30,53408,78881,12848,56148,5803,34270,13503
2021,12,31,1691,72663,99288,98378,50680,22466,51144
2022,1,1,74210,28638,17386,68910,86321,19458,32938
2022,1,2,70693,93161,78584,7879,71583,42168,82495
2022,1,3,81213,57642,48571,34620,36522,11418,27119
2022,1,4,42325,12039,76974,44015,1054,26261,48744
2022,1,5,51733,48726,66239,42294,93715,33624,17555
2022,1,6,80036,19434,96845,50728,12594,25428,84958
2022,1,7,528,83948,43804,81740,41589,42374,22711
2022,1,8,94462,70144,39830,36786,98534,16803,27153
2022,1,9,99587,9415,72248,67671,74493,38487,36316
2022,1,10,68207,38462,70223,48242,74247,17067,75321
2022,1,11,86840,58846,90278,3720,42793,34081,65459
2022,1,12,733,42807,18170,95195,12950,24351,48332
2022,1,13,11483,91153,61836,27422,16919,34084,21444
2022,1,14,91411,88922,37760,59618,43735,24334,67859
2022,1,15,17982,91400,39532,21173,66597,29809,74892
2022,1,16,25742,80242,26703,26474,39400,44872,18020
2022,1,17,52349,35574,2704,80183,43078,14539,33956
2022,1,18,59996,14974,35400,51407,3895,39511,81024
2022,1,19,63982,30196,35234,81963,37947,24765,83135
2022,1,20,4543,20926,44379,30284,17519,21081,43110
2022,1,21,56918,32304,27481,25618,67877,30184,62152
2022,1,22,10954,11075,46108,87301,26048,47859,18707
2022,1,23,46295,3721,66082,10276,33916,1316,68590
2022,1,24,71862,92432,28076,76404,29709,22454,33040
2022,1,25,47227,43534,12501,20496,92189,39981,26113
2022,1,26,76417,86517,84617,87370,97591,30724,81023
2022,1,27,39990,44934,29729,86284,48654,45811,42911
2022,1,28,82569,13478,21500,70782,22261,49576,63537
2022,1,29,51970,38381,86576,15548,98267,15428,2396
2022,1,30,90455,71761,14860,66872,58277,49476,593
2022,1,31,72219,46551,61615,12208,91484,7696,74844
2022,2,1,40137,3506,44106,39057,33335,15606,29838
2022,2,2,55595,31533,73375,23916,86265,26302,9464
2022,2,3,84531,91730,91859,91338,79842,23070,88209
2022,2,4,38118,22546,45153,10336,69096,6768,48895
2022,2,5,60580,30815,53738,17068,50672,47844,72477
2022,2,6,84006,79801,98666,55952,27685,38392,19868
2022,2,7,13949,64694,35683,14832,72775,43893,6169
2022,2,8,52616,66962,80729,7085,89507,25881,17420
2022,2,9,74955,49000,72666,51886,79814,26404,18953
2022,2,10,30485,40599,57781,30842,36751,6447,86794
2022,2,11,64435,44838,66661,94735,25883,18695,25918
2022,2,12,98657,62587,32086,67624,29548,12814,14708
2022,2,13,35407,55047,8479,10361,4046,31145,88598
2022,2,14,212,23900,47550,47048,80850,21683,47890
2022,2,15,17600,78129,64683,82034,22966,47695,23120
2022,2,16,48849,82741,19038,63857,45327,17475,47833
2022,2,17,91226,96641,38892,42984,51687,47371,69696
2022,2,18,72084,44867,48293,88647,85118,12195,85695
2022,2,19,65967,33877,13584,83566,12005,44618,51951
2022,2,20,51322,58664,91422,170,41404,10459,30379
2022,2,21,3082,94286,28211,10659,90926,17102,43643
2022,2,22,42612,30824,23338,14695,92042,37983,13342
2022,2,23,77159,177,55388,59477,50405,35323,89394
2022,2,24,62409,96292,57696,13730,71307,49118,70252
2022,2,25,12710,75928,26982,32143,70213,21544,72801
2022,2,26,61138,38645,12795,20101,85821,2485,34796
2022,2,27,94214,40467,54489,71373,56995,26228,7201
2022,2,28,7399,11550,6595,69807,7841,14290,9888
2022,2,29,79147,29759,46491,8208,5687,39824,76702
2022,2,30,92251,61367,99502,69741,16364,28649,49841
2022,2,31,18536,81133,40988,12749,21599,11828,10473
2022,3,1,78593,38055,47674,2343,49604,20620,22149
2022,3,2,73796,51261,88388,69294,81020,1231,27501
2022,3,3,3058,41054,34202,11660,18773,56,61400
2022,3,4,35136,78704,71241,53671,76188,12228,46419
2022,3,5,14138,24056,66892,9082,78462,30917,21424
2022,3,6,28066,1536,99924,18213,52796,4663,17507
2022,3,7,50167,55893,81359,53224,13299,31913,74884
2022,3,8,32071,98320,46283,83558,93375,33875,3580
2022,3,9,69562,46103,36350,83699,86510,19593,22780
2022,3,10,64971,50509,20555,9388,68396,20478,57601
2022,3,11,21192,25140,31459,71358,81033,12817,60934
2022,3,12,10683,44729,22169,59105,59400,18451,12662
2022,3,13,52774,18678,12593,22335,64780,48942,72385
2022,3,14,67641,68535,31516,32611,35395,2070,11999
2022,3,15,3791,72547,85951,41334,97687,17409,79043
2022,3,16,95071,30225,86328,5753,91306,8496,14857
2022,3,17,50705,93299,23870,19831,11976,36462,22165
2022,3,18,76755,1755,80902,44395,86641,12417,43357
2022,3,19,22036,64487,35355,42178,37033,37657,49863
2022,3,20,51071,55065,28905,46141,1642,15233,28245
2022,3,21,9299,40080,49453,76355,33378,39674,56185
2022,3,22,45353,42487,54702,38459,44242,35603,19205
2022,3,23,47234,64371,92562,69269,28857,44268,7798
2022,3,24,82242,81925,27660,49664,53341,22917,52157
2022,3,25,54982,4501,96753,64280,44580,46206,6987
2022,3,26,77958,52231,53171,39662,94718,24224,88121
2022,3,27,55311,59826,77325,2544,40549,19886,38165
2022,3,28,69405,30506,15962,67998,12430,9974,67662
2022,3,29,65770,49242,46170,37104,70094,42922,47735
2022,3,30,14673,89127,74721,8982,57710,44244,24996
2022,3,31,68779,68467,43116,24089,44645,20440,32984
2022,4,1,85193,6678,31148,70949,53535,13462,55299
2022,4,2,65964,39787,89312,48085,89028,35481,11540
2022,4,3,59121,78402,19275,90145,83881,10347,15479
2022,4,4,41590,54590,80474,10368,39409,23589,10808
2022,4,5,84053,60380,93791,85597,83409,41291,76545
2022,4,6,36943,4752,11843,19258,44538,17506,33695
2022,4,7,49917,52986,85234,25389,47740,4508,75533
2022,4,8,31620,14855,31011,89561,85796,27836,56280
2022,4,9,25204,51424,67087,25608,28156,27229,11204
2022,4,10,27916,18519,84101,81211,39622,12295,50468
2022,4,11,84159,29801,84162,50427,82786,19396,85815
2022,4,12,30525,90255,7700,78496,21461,5062,68056
2022,4,13,7257,82898,687,48812,50673,17773,74420
2022,4,14,95180,61354,85623,23096,79872,36075,54306
2022,4,15,19494,98370,21125,20004,28170,5287,6783
2022,4,16,10955,91034,62597,57832,97640,36648,76327
2022,4,17,19101,41710,20735,42709,24607,21421,1520
2022,4,18,91631,5546,82291,86811,66899,34266,29906
2022,4,19,63122,70340,30563,98967,68709,18039,55323
2022,4,20,96878,73325,22105,24185,80710,34701,52016
2022,4,21,78350,87701,34694,97450,29410,5428,50158
2022,4,22,70368,93201,48029,61998,15098,30320,88808
2022,4,23,98348,14585,75065,61469,84924,21979,16788
2022,4,24,53633,90018,12110,50510,79694,34214,44694
2022,4,25,60404,35266,73061,55105,22966,7755,58906
2022,4,26,68727,79534,25415,39094,89086,23443,21092
2022,4,27,4183,20114,66251,18882,34698,7668,26703
2022,4,28,35974,79646,73490,89606,86015,35599,76467
2022,4,29,65709,19812,47513,42464,71429,20573,33920
2022,4,30,94395,44679,82825,63121,40565,8239,78567
2022,4,31,29650,81681,36010,50185,1795,2260,85418
2022,5,1,52844,76279,82120,88817,55925,5609,34774
2022,5,2,58291,57559,51241,40351,93722,15105,12814
2022,5,3,65151,52029,96733,75897,96708,45909,25369
2022,5,4,53624,4147,73935,99625,2180,9944,29809
2022,5,5,20326,28556,35227,73169,4834,33698,58338
2022,5,6,77110,89307,73111,35401,46865,40703,45751
2022,5,7,40587,55807,74917,22089,7836,38001,67985
2022,5,8,20895,83910,53353,90870,88056,43640,60494
2022,5,9,90235,69935,56655,26912,98490,41881,36433
2022,5,10,19676,41930,94770,96785,31236,34232,82185
2022,5,11,94453,24935,24288,51391,97093,49204,63479
2022,5,12,21280,3556,87815,58526,87465,41167,39395
2022,5,13,75521,1158,39889,82107,71093,46543,79019
2022,5,14,85934,4775,25451,5609,46704,36572,42394
2022,5,15,94292,20803,50930,88744,62089,41569,16486
2022,5,16,75534,7124,29964,96813,10680,17778,31691
2022,5,17,98144,75296,37437,73664,92806,27325,42123
2022,5,18,63898,90219,81141,49831,11345,22943,71792
2022,5,19,58049,59514,74185,68692,96668,41466,53787
2022,5,20,58757,33035,30272,50642,56510,10235,73806
2022,5,21,67189,94364,35496,65333,86011,22933,35348
2022,5,22,78816,66609,27470,42713,56828,24962,68896
2022,5,23,68172,64256,97039,42572,40121,37575,41263
2022,5,24,36789,29040,1401,11897,78426,31672,68890
2022,5,25,34936,8258,42695,2124,2621,28191,43808
2022,5,26,88632,67475,55508,83799,34083,49329,36512
2022,5,27,7262,40643,51759,91786,4898,15149,34357
2022,5,28,61371,52723,61972,14511,81762,13372,52759
2022,5,29,76540,11396,21648,11475,19653,14342,19950
2022,5,30,22274,58884,30110,27257,26358,35617,11055
2022,5,31,76793,84945,53918,406,41939,22028,52191
2022,6,1,46837,87176,42900,24559,39898,21223,39069
2022,6,2,38012,946,81827,14551,12341,3474,22377
2022,6,3,31994,84167,72326,70619,43051,18787,4227
2022,6,4,85760,4403,25281,78904,5700,45551,49310
2022,6,5,47638,17578,87852,10826,21106,30751,71736
2022,6,6,77355,68325,90804,15366,69271,22630,6268
2022,6,7,81611,92455,88644,29956,76622,27322,70574
2022,6,8,36024,96108,14800,21783,511,6433,60687
2022,6,9,22562,68335,96348,86551,85912,34199,63729
2022,6,10,23369,14950,65464,724,99626,6268,6089
2022,6,11,68896,45249,78709,66859,54056,17352,56814
2022,6,12,47029,44673,13740,83052,40781,44891,34834
2022,6,13,57643,17675,21872,96556,86009,18219,63106
2022,6,14,88273,2418,96834,11641,33719,28650,72364
2022,6,15,33344,51269,44805,18592,96517,39865,55450
2022,6,16,66924,7216,98615,13952,68241,28706,87003
2022,6,17,9021,89949,18189,83015,7623,40060,59570
2022,6,18,9984,74631,79027,98256,93400,42213,49896
2022,6,19,27118,70862,38612,76813,22130,49768,11756
2022,6,20,34998,39632,13557,1922,63199,28524,5873
2022,6,21,31439,57229,29228,56811,63529,47416,19825
2022,6,22,71152,3827,35746,81135,78457,14773,55742
2022,6,23,71856,6985,5637,15325,94198,10600,68490
2022,6,24,32679,76719,36597,67676,32702,154,5949
2022,6,25,95901,78677,18174,43691,52257,13753,60502
2022,6,26,15786,11168,40326,3289,14994,42424,80775
2022,6,27,9803,7196,96516,98010,30532,18504,63335
2022,6,28,41081,95456,38176,73759,88526,24772,67786
2022,6,29,21228,41277,60087,33480,19953,44612,27170
2022,6,30,88562,58364,77671,20699,69531,34349,30339
2022,6,31,876,26772,57465,27030,50319,3980,55040
2022,7,1,97202,88835,54726,38282,642,9253,2040
2022,7,2,89168,84024,86177,10395,25301,46263,73874
2022,7,3,61605,40874,37395,66518,99237,31418,13568
2022,7,4,85119,65766,43906,2347,8889,1370,49376
2022,7,5,75559,71701,54415,72760,76888,25492,31041
2022,7,6,77529,34744,39432,66696,18768,41960,33442
2022,7,7,60420,88223,53667,38376,45448,41062,21246
2022,7,8,61037,22479,24813,62507,4596,35071,14853
2022,7,9,13484,86440,94229,89042,74493,14995,78153
2022,7,10,51380,90487,5545,28908,25230,11328,15604
2022,7,11,60349,3287,5397,37120,7861,9064,71848
2022,7,12,69661,50125,13093,30697,72603,4257,53203
2022,7,13,77198,39327,74408,7033,42119,18636,52426
2022,7,14,16611,49982,90578,67990,56820,46122,23249
2022,7,15,98402,57449,25204,58750,77087,30601,22222
2022,7,16,84948,89664,4069,54608,56140,33513,51656
2022,7,17,28742,4121,94858,22291,59800,19265,55675
2022,7,18,18270,54252,58100,34880,20586,15029,89221
2022,7,19,77405,77502,48821,75806,34950,24025,60908
2022,7,20,28388,20977,63129,29687,10640,33549,44294
2022,7,21,66779,33413,85949,11872,53885,47159,40514
2022,7,22,30036,82775,96188,48305,53379,20639,19536
2022,7,23,90316,35667,35108,67720,13168,33929,59878
2022,7,24,64469,74305,10785,92856,95281,40265,52543
2022,7,25,5920,90165,23188,89050,39929,25489,80921
2022,7,26,10165,38999,67786,40201,38125,13973,8505
2022,7,27,91503,34611,88041,81818,86629,39500,25890
2022,7,28,99796,23428,25767,64264,97732,2903,83471
2022,7,29,93012,59519,12365,15283,66035,35553,80684
2022,7,30,5963,61041,37956,32479,16391,5741,22679
2022,7,31,54515,86065,77536,62370,20675,31928,50539
2022,8,1,23655,21427,26428,23450,44855,18546,54065
2022,8,2,58938,37800,77536,68302,97318,6252,63584
2022,8,3,63352,41804,20620,85666,19196,8575,48145
2022,8,4,35586,64316,7175,6453,50380,34710,58822
2022,8,5,87407,66637,29360,11061,4416,22140,40863
2022,8,6,49270,40685,54927,24559,94837,48814,72860
2022,8,7,92154,55066,92796,71858,13221,13415,43875
2022,8,8,48769,71989,8371,706,52656,15546,27158
2022,8,9,19388,16607,75979,23146,99596,5339,10558
2022,8,10,4011,93830,1420,69632,50866,22699,34190
2022,8,11,45702,37864,87050,54208,9281,29845,32417
2022,8,12,22502,9611,16291,87622,97951,41014,68327
2022,8,13,50607,72911,95485,86346,89517,21463,9491
2022,8,14,5464,93153,60048,9474,86982,27820,35457
2022,8,15,54200,66870,89647,99901,4733,43048,34108
2022,8,16,14014,89244,96524,52867,98854,29167,66840
2022,8,17,96804,70180,45166,63762,43090,40650,80107
2022,8,18,48958,28465,75949,54422,21617,2349,80247
2022,8,19,24951,30168,92056,95502,13389,48054,75402
2022,8,20,18121,91101,65862,48486,80344,28737,7704
2022,8,21,95549,24255,74543,8704,94434,19709,88818
2022,8,22,53875,76710,55276,19185,5174,31225,39958
2022,8,23,43143,99925,86556,84445,46444,28611,9946
2022,8,24,59832,76664,91699,77952,67764,7560,12790
2022,8,25,64459,36297,76845,76359,60551,1388,81415
2022,8,26,71337,87448,90232,41563,64157,45507,50747
2022,8,27,85683,93083,50704,28825,93007,3612,3269
2022,8,28,39450,32222,9566,99281,8886,1264,43585
2022,8,29,93001,58824,52726,73812,11472,29570,56522
2022,8,30,88374,97309,67936,76062,84756,8167,33977
2022,8,31,65265,20026,94723,50947,13108,11779,26123
2022,9,1,6115,15390,25743,61916,63963,35308,51197
2022,9,2,72848,52923,71133,82201,28098,23858,52364
2022,9,3,55921,53427,38885,60647,50736,23173,16708
2022,9,4,51843,97691,70684,17107,17716,31759,54405
2022,9,5,47176,59889,96879,69642,91630,22621,41557
2022,9,6,55592,74280,9105,44792,27203,30237,66992
2022,9,7,55300,4094,15707,11221,73873,20943,11867
2022,9,8,24608,94115,24926,76450,8158,11962,79909
2022,9,9,25873,10072,10665,89400,69960,7544,25393
2022,9,10,61589,46516,6950,17180,20796,32406,78323
2022,9,11,64350,12643,5314,36001,33088,37372,67221
2022,9,12,6960,8315,35439,31567,18781,26717,84369
2022,9,13,26938,88678,50629,69163,98749,27645,28562
2022,9,14,85060,85188,33955,46648,48056,7256,70179
2022,9,15,85203,89661,58502,49552,18655,30167,75552
2022,9,16,51743,33891,49125,58702,42205,915,16621
2022,9,17,60985,77631,47341,4275,82660,47969,53437
2022,9,18,81408,91965,48350,82819,93505,48656,35818
2022,9,19,41560,72263,42349,26762,61924,850,26313
2022,9,20,96930,97368,78216,48672,31258,27340,83726
2022,9,21,89814,28255,46698,67151,22237,44038,51425
2022,9,22,4897,8358,61213,2656,322,9562,25475
2022,9,23,93826,24570,31292,35385,96832,23640,8498
2022,9,24,75107,90841,71162,72037,4561,49378,57060
2022,9,25,35818,93069,60785,25632,21323,7482,89134
2022,9,26,59912,1519,80558,64808,26228,8122,17463
2022,9,27,26550,67683,69289,36727,8604,16933,2112
2022,9,28,5436,90572,66961,80542,97765,38123,48930
2022,9,29,2325,87500,5990,54494,80568,33126,76477
2022,9,30,18243,90608,5610,78154,8478,2519,19313
2022,9,31,51058,60640,26775,77607,44675,12416,54333
2022,10,1,53278,29348,2796,75065,36271,19757,61959
2022,10,2,34035,24231,40888,52711,11730,13229,87205
2022,10,3,8649,46355,3681,43243,53314,25643,7748
2022,10,4,78143,28161,97060,29200,88801,40187,76806
2022,10,5,33475,52602,37491,86752,81949,6638,48169
2022,10,6,34571,42746,50127,68606,66976,41014,7668
2022,10,7,95057,54243,44872,3706,16949,14905,73300
2022,10,8,70262,90547,1048,48404,35059,48107,27604
2022,10,9,23859,54645,761,57333,7246,4603,20437
2022,10,10,5546,11241,38605,40117,70338,5083,55074
2022,10,11,37314,96096,79093,32370,66690,40317,82427
2022,10,12,99990,5221,15727,70251,12119,33126,15007
2022,10,13,47177,47584,12610,87388,2229,29722,61072
2022,10,14,25826,677,21508,47724,28269,26464,4192
2022,10,15,98606,97898,45617,35919,93994,24709,74641
2022,10,16,77035,65025,53419,77025,86597,35497,3627
2022,10,17,98715,18622,98633,62244,66206,27594,49631
2022,10,18,84786,73668,10702,10611,74344,48562,44686
2022,10,19,2612,41377,78877,17569,39275,24493,13488
2022,10,20,49620,49202,54480,43006,30578,24250,26382
2022,10,21,17175,9747,9,32241,28368,14993,84484
2022,10,22,10925,58939,60466,12062,32606,21168,9025
2022,10,23,23301,36081,13710,42264,77457,42587,9832
2022,10,24,33083,33431,29671,82702,98984,502,72060
2022,10,25,29562,24752,78441,46736,34498,44801,48976
2022,10,26,79217,26146,89812,90142,85084,277,78555
2022,10,27,34041,21444,57579,73693,73876,21289,65956
2022,10,28,67685,80227,92139,767,13657,21810,59821
2022,10,29,28993,38663,41880,58554,63414,36672,25289
2022,10,30,97911,47825,616,93480,73970,40427,13621
2022,10,31,75405,40704,18527,25797,78499,26106,89489
2022,11,1,68727,63746,31796,36411,43972,40286,13529
2022,11,2,73980,78447,53349,2972,17110,11580,67877
2022,11,3,80523,64604,83165,94786,12428,133,18265
2022,11,4,86397,6911,88237,78153,47614,6763,53949
2022,11,5,42465,99220,19789,11191,62965,1584,23953
2022,11,6,6936,8221,17481,97268,86668,37182,26591
2022,11,7,3777,98761,94468,651,79716,43984,45436
2022,11,8,92143,94116,52,94891,1027,38288,43043
2022,11,9,64992,11403,76991,23808,10622,46779,84998
2022,11,10,73587,64714,15302,96874,72935,32783,50493
2022,11,11,75954,19964,27084,96082,35076,21551,66732
2022,11,12,14792,15534,8520,6934,9650,8571,21825
2022,11,13,27028,13211,91219,92019,24613,18210,35827
2022,11,14,51586,81340,67176,41524,62406,32478,28398
2022,11,15,51692,31612,48890,27645,51575,25973,13726
2022,11,16,3002,97523,36809,17793,29409,45328,31079
2022,11,17,39058,70251,59255,82437,83461,473,80807
2022,11,18,24425,35034,6633,76010,16374,40161,33886
2022,11,19,95131,88990,72283,46822,20601,37524,60818
2022,11,20,72175,29849,30895,75176,43723,17703,49321
2022,11,21,73131,13031,50399,28540,99633,26005,976
2022,11,22,83093,76477,1783,23869,11511,24767,36230
2022,11,23,44236,31279,50115,39366,20268,38749,56187
2022,11,24,40868,92625,77004,29394,22473,24250,922
2022,11,25,66195,91952,30242,55678,21334,46992,80569
2022,11,26,20966,22996,11545,20410,15824,29679,20630
2022,11,27,27334,70797,76860,87921,2076,43326,17286
2022,11,28,22343,82075,29824,79563,74699,23179,88956
2022,11,29,13523,47428,29877,96069,39380,26470,71746
2022,11,30,60713,89813,68667,98031,29160,30211,58440
2022,11,31,44984,26241,79070,88669,13389,22281,86590
2022,12,1,15464,15606,20227,54159,14032,51,13721
2022,12,2,5082,73229,59028,18604,20657,38905,51025
2022,12,3,76388,81726,99122,53452,71539,17788,71482
2022,12,4,17050,64350,86274,62033,90590,31695,87054
2022,12,5,3979,53975,59995,35794,85932,30221,19952
2022,12,6,16316,30271,40024,21397,19852,49052,46353
2022,12,7,56860,4308,87377,33247,86033,2850,13050
2022,12,8,73923,70638,54532,7325,34987,7157,15709
2022,12,9,41929,38851,52762,62259,9177,12756,68052
2022,12,10,95108,9329,4356,11423,55951,44379,59172
2022,12,11,75802,43430,5524,49013,64089,9252,78611
2022,12,12,66474,28453,1661,56748,99090,22544,84072
2022,12,13,50429,29700,49781,92357,68550,2542,74615
2022,12,14,77726,31650,69018,89185,40978,23373,60608
2022,12,15,13280,34104,66131,89082,93885,38006,84446
2022,12,16,57974,97257,53057,24447,25709,4717,81194
2022,12,17,41151,27260,45266,91579,73311,45046,30287
2022,12,18,41860,13939,71253,35937,61940,40270,65121
2022,12,19,19269,29995,42080,32549,64098,24562,7982
2022,12,20,57982,12567,92427,32307,26175,45483,76753
2022,12,21,68236,16551,54299,9386,60162,49564,77316
2022,12,22,33472,10961,17602,91683,41251,38854,87619
2022,12,23,19543,29123,69092,38811,75469,27523,21359
2022,12,24,39566,52085,9340,13900,64651,18119,56206
2022,12,25,90826,63601,19311,59061,96504,23609,54798
2022,12,26,56665,89524,2113,90137,16836,19714,11819
2022,12,27,74438,8567,25790,93980,54041,11233,42791
2022,12,28,45862,55107,20501,85427,7191,29841,15678
2022,12,29,88194,64311,61884,95371,27911,47546,14431
2022,12,30,40766,71154,55580,97431,77029,7692,57567
2022,12,31,93864,93757,85737,68301,2323,27878,52281
2023,1,1,72715,55462,11423,18576,10569,31923,355
2023,1,2,34111,78115,52384,22304,42425,14267,84026
2023,1,3,86688,28164,4808,27453,99317,10387,34883
2023,1,4,76345,18078,28801,86560,11834,30890,84861
2023,1,5,30508,75119,33493,19575,30581,44915,64502
2023,1,6,41149,76837,91208,91611,71304,43592,3915
2023,1,7,13728,74210,47940,415,2374,2748,74220
2023,1,8,18042,29486,69102,94387,47564,14255,57298
2023,1,9,75749,61496,68510,22609,36614,2002,82183
2023,1,10,67194,63268,96684,24694,40105,4244,16305
2023,1,11,11408,47835,46571,41487,22044,10862,18254
2023,1,12,24417,63609,2473,58811,93095,37926,89549
2023,1,13,57010,2180,66846,32758,63675,35356,75366
2023,1,14,16641,53709,13900,83834,16977,26936,68528
2023,1,15,73433,31179,41184,1192,79013,37754,82678
2023,1,16,17408,98615,931,58177,78576,19755,26987
2023,1,17,88022,7681,86535,45031,26212,3380,54140
2023,1,18,6239,5087,65858,22879,58796,46109,16712
2023,1,19,75772,23044,31591,49204,70574,22774,70395
2023,1,20,49586,76879,9424,83346,91846,26707,61522
2023,1,21,70421,46461,74860,58442,54141,11394,59824
2023,1,22,80353,31125,30315,86591,36212,12524,79469
2023,1,23,11359,24985,32532,3482,48028,14123,2685
2023,1,24,18602,53248,19431,84539,46479,45206,84236
2023,1,25,38324,71912,25757,8744,18373,616,53537
2023,1,26,88865,78361,19712,69217,9486,16378,22159
2023,1,27,62049,95254,81627,89759,20238,30511,83240
2023,1,28,84617,10985,62276,19570,80584,48058,80461
2023,1,29,27062,43263,4696,81737,15175,46805,76832
2023,1,30,49899,47420,90368,38763,42133,26431,64332
2023,1,31,67970,9161,96490,46370,4414,44469,76128
2023,2,1,41003,24979,29367,25619,52315,41642,85189
2023,2,2,32898,89699,65649,76312,49313,20344,28048
2023,2,3,80839,17148,64880,30737,80920,21599,35852
2023,2,4,39404,14382,10183,7373,23542,23024,80094
2023,2,5,44307,17492,6221,85309,58822,1939,30927
2023,2,6,27488,59932,72467,60386,65982,38115,83049
2023,2,7,15294,24811,11096,96133,58310,42327,23221
2023,2,8,55581,63926,45424,11336,78307,5606,38708
2023,2,9,18200,78630,88801,62506,12473,11373,14166
2023,2,10,87647,63311,75092,15134,39594,47559,51871
2023,2,11,5575,2025,44919,37221,43187,6015,29705
2023,2,12,17849,64693,92925,73429,28618,38349,74765
2023,2,13,23276,10306,19824,41475,5287,24977,20332
2023,2,14,34112,36349,84497,21758,16012,25941,43243
2023,2,15,71957,39851,45114,77532,58227,6384,74752
2023,2,16,1414,78750,64456,19262,43443,23732,79042
2023,2,17,72060,28432,93806,11688,38738,29982,79514
2023,2,18,44024,54958,89846,78135,7658,40694,46244
2023,2,19,40021,82986,85839,11978,22836,30952,75861
2023,2,20,81063,53687,20612,98828,32437,1419,54441
2023,2,21,75879,75150,43482,64290,19934,3640,55977
2023,2,22,58671,83621,61843,19046,54930,1688,63533
2023,2,23,78939,58733,46128,35312,41719,31966,87289
2023,2,24,80906,79269,69501,61968,32956,40112,87147
2023,2,25,65392,7882,11587,57622,99383,5069,71911
2023,2,26,19316,25060,14240,94338,8680,26082,3384
2023,2,27,79961,44121,43268,58899,19205,39395,80562
2023,2,28,60923,21361,57850,41829,629,43702,60148
2023,2,29,33584,33813,13647,15327,58046,25233,62948
2023,2,30,57429,96653,11211,93096,21712,41802,47434
2023,2,31,46743,34235,17169,26703,94707,10436,1954
2023,3,1,13911,66182,12515,91186,87542,36717,19366
2023,3,2,4523,30418,85865,54458,80583,49511,66137
2023,3,3,54980,41096,75436,12408,37748,2998,21856
2023,3,4,75812,44799,25641,22554,95385,42809,65609
2023,3,5,90091,19596,83914,20354,85777,46428,71539
2023,3,6,89671,99496,60904,10545,29914,13120,55002
2023,3,7,26848,62631,67490,81827,20078,42926,20587
2023,3,8,74177,45923,32442,49988,90722,24434,48894
2023,3,9,2458,17242,54502,92549,53189,38415,2902
2023,3,10,38965,51194,40792,44987,50690,18047,35531
2023,3,11,96955,81166,36885,40154,43796,20726,21980
2023,3,12,63873,63651,48918,38050,9574,47711,34389
2023,3,13,16647,72144,93282,19104,5737,14135,78004
2023,3,14,58925,18901,57257,14242,70095,48048,29228
2023,3,15,37136,32446,31111,50442,13612,34347,50595
2023,3,16,73759,5072,28926,37632,85075,44196,2033
2023,3,17,94648,91906,12773,27646,80402,22407,56749
2023,3,18,86138,86541,91105,45063,21794,14713,69304
2023,3,19,8240,62761,34883,45375,11558,32345,62168
2023,3,20,25169,83043,19114,98928,4467,14391,32911
2023,3,21,89541,58586,44943,540,66844,24067,88185
2023,3,22,47245,96473,91285,33382,83014,32389,78444
2023,3,23,21159,47102,54099,29398,26214,5334,71124
2023,3,24,37771,4030,3291,79292,87073,38756,38219
2023,3,25,91539,3146,31129,97431,78084,42423,67970
2023,3,26,44927,66489,26154,92171,79314,33790,1904
2023,3,27,78679,16179,36700,99837,79632,7150,39234
2023,3,28,22197,12483,20357,76319,16513,39999,35610
2023,3,29,19937,95106,50180,27827,98251,31308,5257
2023,3,30,92686,90082,39578,53964,72923,15731,26134
2023,3,31,52236,99520,4390,30914,32050,41089,10750
2023,4,1,28033,48238,59983,50229,77073,46691,82900
2023,4,2,9937,53041,14861,29873,48146,15041,17699
2023,4,3,62748,46348,99307,55434,52782,38884,59397
2023,4,4,25704,20966,71883,77939,36837,26272,88852
2023,4,5,68887,33712,39601,13271,98301,15935,49852
2023,4,6,75373,12625,22751,85309,82017,37611,11533
2023,4,7,30162,2651,89231,92909,65351,4889,44694
2023,4,8,18132,43772,74091,43835,64737,12325,61773
2023,4,9,17926,54948,46976,3164,88659,36576,66434
2023,4,10,86959,2510,96285,78684,31486,35387,344
2023,4,11,13502,72998,11877,60015,92000,1107,52923
2023,4,12,73702,22348,17617,91833,66119,8059,82019
2023,4,13,47208,70383,90143,81485,25330,37118,14648
2023,4,14,30340,23693,1081,33650,42554,13718,82333
2023,4,15,90391,49104,92677,20244,38453,20905,30258
2023,4,16,46805,38363,33181,20506,60710,17149,32339
2023,4,17,43181,91559,80709,90388,61941,20852,38224
2023,4,18,3622,24321,72871,33961,64366,23951,67610
2023,4,19,6919,4020,96295,13662,53124,5323,83905
2023,4,20,7928,26227,30515,54732,64589,30047,65238
2023,4,21,41651,47195,3928,84831,38753,988,81570
2023,4,22,17045,71839,79793,20666,96160,2663,60978
2023,4,23,60525,42965,54939,83795,46985,1233,73808
2023,4,24,16460,72907,47713,24387,15485,28227,85471
2023,4,25,80074,58273,70708,38076,21819,40987,52906
2023,4,26,76923,91974,14475,93967,80165,44267,20984
2023,4,27,92676,63281,1961,69552,6245,6899,89698
2023,4,28,69581,24484,83506,2392,97390,47570,16779
2023,4,29,12875,42148,38601,9300,16772,9308,17375
2023,4,30,38590,16646,86632,31864,8619,1106,85830
2023,4,31,5135,11724,73165,97810,91356,25125,87361
2023,5,1,13952,32023,37059,83533,56506,20564,15924
2023,5,2,70248,68133,29054,99474,10280,17654,8773
2023,5,3,43403,93313,72499,81992,9958,9130,207
2023,5,4,34929,60235,72388,40063,88310,45552,7873
2023,5,5,79665,20676,21585,93616,69050,24995,63500
2023,5,6,41908,95558,79424,12155,80042,24829,41628
2023,5,7,6673,8835,36752,50075,2147,9250,18418
2023,5,8,28457,84731,78624,63385,61317,1011,39799
2023,5,9,49626,96562,74023,45642,33589,11960,29257
2023,5,10,18991,86954,49109,60898,82512,44884,29404
2023,5,11,78905,69712,17383,1930,78546,20486,52004
2023,5,12,97045,79735,16774,25501,80817,45397,55237
2023,5,13,42133,62760,41387,91758,75673,31762,43751
2023,5,14,9262,43721,93007,28252,30674,8467,85501
2023,5,15,13185,3350,11256,8442,89414,28638,20371
2023,5,16,67959,99123,78726,81355,95209,45499,3207
2023,5,17,76025,7248,44795,18157,70007,36182,66266
2023,5,18,45679,17943,80016,71292,61663,39374,45895
2023,5,19,8688,47841,21395,21873,67542,32650,36666
2023,5,20,56955,77639,57036,41266,93113,35761,32620
2023,5,21,4673,31260,62179,80697,38507,6973,75205
2023,5,22,24865,9506,57822,86895,43800,4189,78187
2023,5,23,21814,43563,74081,30502,7755,11828,38726
2023,5,24,75296,60829,15391,32251,38468,22426,3516
2023,5,25,47932,24538,12487,52605,72149,24665,89653
2023,5,26,27007,97990,64858,51871,7495,39031,48766
2023,5,27,51295,93220,13304,73108,53134,37384,29961
2023,5,28,77240,15563,88686,68887,76392,4076,47489
2023,5,29,31211,92853,91004,79142,17391,19843,61746
2023,5,30,5891,94507,81399,32898,8848,12608,11120
2023,5,31,16343,17990,56237,83989,27561,19540,13448
2023,6,1,80694,73276,93409,74285,88838,32094,53172
2023,6,2,81581,2522,60660,12791,95374,18016,61933
2023,6,3,29116,87858,40030,51359,98716,37780,14256
2023,6,4,7564,16739,1727,40258,34729,7964,74246
2023,6,5,62289,27503,97693,59335,17130,7453,43619
2023,6,6,5968,89547,93142,3900,8420,3802,46691
2023,6,7,3793,38169,24975,49261,42378,31356,20619
2023,6,8,41093,19136,1226,65008,35874,2952,35265
2023,6,9,86954,60915,45862,65595,4770,43555,11281
2023,6,10,21899,67359,74899,44218,56905,34393,58118
2023,6,11,81676,54546,81160,1821,92714,6134,51081
2023,6,12,35091,87489,68051,92535,22976,19276,67543
2023,6,13,75202,88579,79159,78507,65846,25021,14101
2023,6,14,86967,84927,85381,25217,52285,26632,69435
2023,6,15,25542,61024,33904,7217,15569,15063,19037
2023,6,16,24634,37548,76469,59724,41388,44519,82258
2023,6,17,64364,30146,26152,55917,35077,5311,64423
2023,6,18,922,46683,78524,87888,31609,30256,43104
2023,6,19,245,56887,98890,25786,34262,32793,39355
2023,6,20,49830,64207,74743,90815,1754,1212,80538
2023,6,21,59494,12082,19148,23857,58580,45299,16125
2023,6,22,93656,66961,30547,10929,13643,25422,65168
2023,6,23,61603,5678,44623,61848,62564,43513,23985
2023,6,24,96826,92657,53339,63007,73216,44434,63822
2023,6,25,74969,11997,20711,34462,24078,6210,44670
2023,6,26,99009,1509,70794,9016,84821,17693,59944
2023,6,27,98464,43114,51463,76418,48791,46086,38265
2023,6,28,27707,39598,58602,40884,48606,28292,60242
2023,6,29,21821,72725,90415,13142,84721,11126,83955
2023,6,30,25151,67335,38625,24159,85195,25770,83175
2023,6,31,86368,59814,69470,1183,2928,20933,87600
2023,7,1,68070,17018,32217,12128,72967,40818,13011
2023,7,2,21572,19109,89605,43393,91834,30019,32886
2023,7,3,76554,7496,36840,18056,91183,41816,52215
2023,7,4,92729,33938,91741,79096,93751,27562,70278
2023,7,5,13030,98494,74230,97452,31863,6446,29579
2023,7,6,4829,97263,78942,42753,32723,18546,2497
2023,7,7,24556,64916,75382,17462,72412,12221,85517
2023,7,8,79946,4037,94083,72674,37974,35823,78122
2023,7,9,48076,63385,48399,61106,78230,38980,28557
2023,7,10,10093,45425,68135,31273,59039,13428,74025
2023,7,11,91762,31973,76521,32669,96889,18254,20130
2023,7,12,85652,80475,1999,65597,863,46081,4622
2023,7,13,38836,98256,22743,86911,61640,37494,54368
2023,7,14,56221,26473,22924,66313,71898,7411,3938
2023,7,15,47288,70838,87962,39049,2811,30835,31718
2023,7,16,16051,49088,38199,18054,45914,40197,2
2023,7,17,46776,52630,54623,1963,50885,27366,55226
2023,7,18,28876,64859,69593,1448,7683,42517,24113
2023,7,19,95932,16279,98050,43220,87116,36011,72268
2023,7,20,6278,83197,70337,38680,32285,8536,76733
2023,7,21,78198,65084,56734,24974,34065,27709,86936
2023,7,22,1301,5074,32161,46528,86284,18106,47976
2023,7,23,93966,26974,32088,6250,43252,30137,89469
2023,7,24,30367,32499,31736,36645,15696,2073,71676
2023,7,25,47980,26960,48409,42529,8395,21494,3854
2023,7,26,42460,49202,27142,43760,54275,25654,50288
2023,7,27,56910,93759,38263,67228,20732,36702,23477
2023,7,28,63983,16838,22945,10702,49336,21032,43698
2023,7,29,65031,89456,55373,29362,16415,3781,38243
2023,7,30,24810,41627,72096,67269,90828,49237,87380
2023,7,31,61455,74891,17667,34716,68649,22281,61943
2023,8,1,5733,58982,91771,86067,92171,31067,56768
2023,8,2,41507,2099,60465,22889,91554,15838,58603
2023,8,3,24321,35970,56845,65482,77596,28940,69102
2023,8,4,68424,44529,76481,46230,19419,44148,70945
2023,8,5,4419,82780,82888,10151,58114,41010,26218
2023,8,6,50284,22077,9337,8142,40527,19802,1031
2023,8,7,48432,1991,15985,72752,54312,22829,24585
2023,8,8,31908,18120,3686,16683,62648,30167,9264
2023,8,9,82066,90666,60208,2837,73445,9447,49339
2023,8,10,31558,50457,41908,98194,88885,1245,36335
2023,8,11,29411,37398,53717,94194,55740,19701,76946
2023,8,12,10051,42529,37882,58310,77001,41568,11344
2023,8,13,39648,21734,70607,38066,28751,30815,60902
2023,8,14,2195,6613,86592,50105,57069,28500,78298
2023,8,15,45953,79744,70984,91715,33493,24701,75909
2023,8,16,89232,94401,69206,15634,53282,7087,63944
2023,8,17,30282,65006,81639,86281,86739,2246,4346
2023,8,18,15489,99412,81599,34036,6024,18191,30492
2023,8,19,79445,96690,65141,41749,92785,36124,43464
2023,8,20,42629,60824,35724,31860,71577,21281,63845
2023,8,21,24858,44719,37788,71491,9725,19427,27771
2023,8,22,96463,88024,82117,28304,87435,30067,38691
2023,8,23,9810,48257,79182,89254,61298,44322,81003
2023,8,24,70434,96797,80818,13062,73973,16541,81273
2023,8,25,61901,37821,25118,86758,82539,29257,14600
2023,8,26,92263,15035,32370,5078,19410,30838,29733
2023,8,27,23196,10905,28423,33006,75513,7604,48611
2023,8,28,53163,68277,69613,39948,81425,430,59362
2023,8,29,71749,83322,46986,33649,37494,22103,36758
2023,8,30,36385,67712,11357,44999,99098,43727,26428
2023,8,31,18508,74564,16160,41703,1820,44582,4708
2023,9,1,93685,68537,29671,46847,53165,49283,46794
2023,9,2,50942,66065,72507,22690,65738,19493,66339
2023,9,3,3232,7947,93096,55968,75658,4453,70966
2023,9,4,74756,64531,67394,9615,55446,33553,81317
2023,9,5,57266,44487,42377,67302,13023,22047,64148
2023,9,6,82540,87681,17293,33481,70097,39800,16170
2023,9,7,35835,9292,28860,55418,17238,38308,31385
2023,9,8,9248,42760,12350,355,23642,29743,69969
2023,9,9,79087,79648,77637,52704,24134,36365,40005
2023,9,10,53508,8411,34152,36047,12444,17797,45879
2023,9,11,82540,73948,58401,18374,99591,3612,33791
2023,9,12,33180,41919,85175,42427,1030,13877,69133
2023,9,13,24671,9971,85453,3758,89618,13090,16461
2023,9,14,30103,99454,76466,83611,24217,26969,16009
2023,9,15,36660,94765,21888,35551,85064,46640,23925
2023,9,16,84654,251,44067,17834,42170,45594,36612
2023,9,17,43199,59470,35745,67870,85792,21197,67979
2023,9,18,75410,638,44439,5512,92,37256,25474
2023,9,19,40660,64225,41483,93671,75341,29722,49221
2023,9,20,60405,76361,99497,45058,92963,43564,49243
2023,9,21,35132,5509,55855,94683,81330,7951,18904
2023,9,22,67121,29147,66882,58882,46137,27672,80746
2023,9,23,46228,64928,86219,3239,29152,44053,76909
2023,9,24,20844,23774,42481,81248,16486,41978,52658
2023,9,25,9449,1893,38252,60932,7401,44106,35614
2023,9,26,5082,18408,34517,72202,47555,17750,77436
2023,9,27,93691,45422,28181,56270,10349,14399,65860
2023,9,28,55852,58452,72768,76695,98577,31600,24295
2023,9,29,31415,73577,33304,57215,75469,21555,78146
2023,9,30,99221,82013,90112,4302,420,40980,12856
2023,9,31,64326,58730,40291,74368,4151,18471,56989
2023,10,1,30851,99221,22848,86702,57672,11967,49748
2023,10,2,72601,43567,54042,4015,17143,3697,1229
2023,10,3,8964,75252,95726,8184,73616,35837,68838
2023,10,4,74035,43169,38045,38361,1898,28335,49080
2023,10,5,22400,63157,76069,69602,62377,48916,86303
2023,10,6,36401,27235,52402,9001,70801,22796,73015
2023,10,7,4295,26492,90595,29610,18095,36320,67794
2023,10,8,91710,72157,82983,65745,15325,21027,30457
2023,10,9,33574,15713,49536,72325,78869,41956,1926
2023,10,10,41245,40872,14580,93997,84458,16981,32997
2023,10,11,55258,89776,32363,75904,32620,22957,45514
2023,10,12,50714,9277,59659,42424,97785,42641,34520
2023,10,13,29461,80019,44976,79386,95731,10863,41710
2023,10,14,74599,52819,9987,32195,10042,40918,82544
2023,10,15,94499,7898,45540,66108,14026,44255,88363
2023,10,16,46645,17211,63876,97358,42839,39886,19781
2023,10,17,56975,98878,80652,2787,78896,41979,32172
2023,10,18,90978,52842,50233,81928,22012,26571,10475
2023,10,19,48405,17488,73018,59255,25386,34909,81714
2023,10,20,55763,29163,76,2407,62726,30304,76116
2023,10,21,21916,36541,55897,78891,35419,2900,61677
2023,10,22,30666,94879,80201,21644,64072,30433,73571
2023,10,23,86083,7004,50397,50839,24491,23414,80093
2023,10,24,66228,58323,68158,21990,87485,18233,40748
2023,10,25,66562,64888,56864,88478,1429,29112,67368
2023,10,26,53199,82011,65396,83864,76889,45596,31859
2023,10,27,40960,92381,41782,43394,99384,42178,80584
2023,10,28,40226,15592,20676,22806,73914,38833,71147
2023,10,29,77750,73418,1895,60664,54657,25110,49141
2023,10,30,56085,20573,32860,9283,2583,48255,39499
2023,10,31,95824,43851,31357,53135,52583,23138,62881
2023,11,1,68318,65316,23464,8543,80907,10492,87700
2023,11,2,71172,65676,8847,65273,55445,27093,15936
2023,11,3,10102,18554,75076,66186,39126,7935,61821
2023,11,4,58060,22542,1319,53883,82744,32675,33370
2023,11,5,35326,22165,36250,3643,87480,26065,88537
2023,11,6,84738,36556,76237,72261,18584,1435,87533
2023,11,7,74028,44879,79821,84129,63432,21248,76667
2023,11,8,2557,95535,58487,60616,18076,26157,20851
2023,11,9,17171,25183,54220,52496,47347,6821,6138
2023,11,10,34826,99237,1026,35915,35793,27262,38175
2023,11,11,70728,95048,45708,44755,39926,41880,15236
2023,11,12,3357,13127,11902,22265,25013,36740,19233
2023,11,13,59440,79248,30083,76610,4430,654,69105
2023,11,14,51777,23826,1594,2954,23062,2620,15221
2023,11,15,75206,79881,63395,45933,91281,25454,87040
2023,11,16,31206,67333,52275,50915,96812,14176,83179
2023,11,17,21824,50915,72411,97616,30162,18845,74225
2023,11,18,50943,19498,3330,19071,59675,4923,48377
2023,11,19,82737,23894,93597,74294,20127,6991,10227
2023,11,20,11407,98797,27266,42612,66129,29540,53526
2023,11,21,79292,60067,83057,17468,27333,5467,5083
2023,11,22,73846,74312,89307,24788,10161,8988,43859
2023,11,23,69836,30263,98587,68924,54156,42183,83217
2023,11,24,74282,65525,79795,2040,64321,7060,34652
2023,11,25,46802,2951,54529,42445,63017,37585,89912
2023,11,26,6701,9404,91346,80546,67,47005,85334
2023,11,27,10227,5992,65544,96414,52606,14130,45337
2023,11,28,23114,72664,24906,13747,38188,4700,55787
2023,11,29,18861,28112,76790,82014,31062,47670,84458
2023,11,30,10431,1607,722,33483,11010,42067,54029
2023,11,31,11076,89071,35714,37654,11415,1257,54068
2023,12,1,80372,81738,15756,3485,70753,40661,47232
2023,12,2,25292,45361,33018,44152,73472,26159,56165
2023,12,3,20885,73828,66975,47667,75434,17696,61150
2023,12,4,86443,59762,11530,13870,65185,47243,47876
2023,12,5,92951,64851,1943,73322,62940,34050,16807
2023,12,6,33692,74711,10390,58983,36423,43407,79487
2023,12,7,26246,85917,62003,63482,59744,28977,21149
2023,12,8,35178,13024,8650,37972,72786,20179,8194
2023,12,9,54322,83773,36069,47272,48623,4363,60593
2023,12,10,11562,88412,13751,61605,63122,24140,46939
2023,12,11,15896,83898,72777,42141,69814,1132,55623
2023,12,12,45910,80108,33123,97439,93132,8124,11762
2023,12,13,82269,94654,19955,36590,78426,22375,70213
2023,12,14,43400,26737,37157,54961,15149,17260,2917
2023,12,15,94622,7751,69855,26870,91649,8984,39010
2023,12,16,77814,10115,90984,40075,6574,24106,7513
2023,12,17,16057,82229,5627,98325,76882,25581,81266
2023,12,18,71659,14308,67830,15058,41044,4987,50018
2023,12,19,72544,88598,19286,83518,96348,5493,60387
2023,12,20,87996,64476,95748,82162,74590,36732,38588
2023,12,21,81163,27189,76101,97220,9418,31727,21896
2023,12,22,2651,23659,79514,74310,54318,47343,69367
2023,12,23,95362,68681,75737,84257,57278,45022,14126
2023,12,24,53626,514,10864,57973,81341,6612,6486
2023,12,25,55930,93343,95074,53445,20531,37526,80664
2023,12,26,46300,85604,78911,65303,25614,8424,39612
2023,12,27,79932,5767,45330,91645,90799,21066,5901
2023,12,28,48077,32440,76379,1702,49305,37242,6026
2023,12,29,30646,93853,32512,2927,3547,27585,16371
2023,12,30,40430,15110,23386,86729,713,2297,12031
2023,12,31,26326,60720,7994,22609,82838,3324,4253
